Date,Trailhead,Non-Motorized,Motorized,Mechanized,Hybrid
2/9/18,Kebler,1,29,1,0
2/10/18,Kebler,3,20,1,4
2/11/18,Kebler,10,129,0,21
2/12/18,Kebler,0,32,0,9
2/13/18,Kebler,16,38,1,2
2/14/18,Kebler,9,80,0,0
2/15/18,Kebler,10,43,0,0
2/16/18,Kebler,12,114,0,6
2/17/18,Kebler,39,184,0,2
2/18/18,Kebler,19,156,0,17
2/19/18,Kebler,0,49,0,2
2/20/18,Kebler,8,35,0,1
2/21/18,Kebler,18,63,0,3
2/22/18,Kebler,1,49,0,0
2/23/18,Kebler,16,66,0,2
2/24/18,Kebler,7,86,0,5
2/25/18,Kebler,9,57,0,7
2/26/18,Kebler,23,103,0,5
2/27/18,Kebler,3,76,0,2
2/28/18,Kebler,6,81,0,2
3/1/18,Kebler,1,29,0,0
3/2/18,Kebler,0,62,0,5
3/3/18,Kebler,12,102,0,23
3/4/18,Kebler,0,55,1,9
3/5/18,Kebler,5,60,0,3
3/6/18,Kebler,0,68,0,6
3/7/18,Kebler,6,43,0,4
3/8/18,Kebler,0,77,0,8
3/9/18,Kebler,6,105,0,0
3/10/18,Kebler,8,138,0,11
3/11/18,Kebler,16,170,0,14
3/12/18,Kebler,2,99,0,0
3/13/18,Kebler,7,163,2,3
3/14/18,Kebler,10,137,0,6
3/15/18,Kebler,3,157,0,3
3/16/18,Kebler,10,99,0,12
3/17/18,Kebler,3,130,1,17
3/18/18,Kebler,4,92,0,14
3/19/18,Kebler,2,61,0,7
3/20/18,Kebler,3,87,0,7
3/21/18,Kebler,0,86,0,7
3/22/18,Kebler,3,67,0,4
3/23/18,Kebler,1,30,0,1
3/24/18,Kebler,5,74,0,4
3/25/18,Kebler,5,90,0,11
3/26/18,Kebler,12,76,0,9
3/27/18,Kebler,4,54,1,8
3/28/18,Kebler,2,58,0,4
3/29/18,Kebler,1,69,4,10
3/30/18,Kebler,12,83,0,14
3/31/18,Kebler,4,78,0,14
4/1/18,Kebler,4,37,0,4
4/2/18,Kebler,2,47,0,7
4/3/18,Kebler,0,54,0,4
4/4/18,Kebler,6,65,0,5
4/5/18,Kebler,3,57,1,4
4/6/18,Kebler,0,86,0,3
4/7/18,Kebler,0,50,0,8
4/8/18,Kebler,0,40,1,0
4/9/18,Kebler,0,11,0,3
